{
    "podcasts": [
    {
        "name": "Brain Sparks",
        "description": "This podcast is hosted by usability and UI design expert, Jared Spool. It offers tona of value with many industry leaders sharing insights on usability, UX design, and UI design.",
        "category": "Design",
        "source": "https://www.uie.com/brainsparks/topics/podcasts/",
        "itunes": "https://itunes.apple.com/us/podcast/uie-brain-sparks-podcasts/id119728465?mt=2",
        "android": "https://subscribeonandroid.com/www.uie.com/brainsparks/feed/podcast/",
        "rss": "https://www.uie.com/brainsparks/feed/podcast/"
    },
    {
        "name": "The Dirt Show",
        "description": "The Dirt Show is a podcast hosted by the team behind the UX design agency, Fresh Tilled Soil. One cool thing about this podcast is some topics follow a mini-series format, with multiple episodes and different guests talking about the same topic. For example, they have a mini-series on topics such as \"designing your career\" and \"designing the future\".",
        "category": "Design",
        "source": "http://www.freshtilledsoil.com/category/podcast/",
        "itunes": "https://itunes.apple.com/us/podcast/fresh-tilled-soil-podcast/id569204776",
        "rss": "http://feeds.feedburner.com/FreshTilledSoilPodcast"
    },
    {
        "name": "The UX Intern",
        "description": "A monthly podcast interviewing seasoned User Experience Designers from the perspective of a UX Intern.",
        "category": "Design",
        "source": "http://theuxintern.com/",
        "itunes": "https://itunes.apple.com/us/podcast/the-ux-intern/id684613036",
        "rss": "http://theuxintern.com/itunes-feed/"
    },
    {
        "name": "UX Podcast",
        "description": "UX Podcast is for people passionate about balancing business, technology and users within the realm of digital media. Moving the conversation beyond the traditional realm of User Experience.",
        "category": "Design",
        "source": "http://uxpodcast.com/",
        "itunes": "https://itunes.apple.com/us/podcast/ux-podcast/id438896324?mt=2",
        "rss": "http://feeds.feedburner.com/uxpodcast"
    },
    {
        "name": "UX and Growth",
        "description": "Every Monday, HubSpot Design, UX, & Growth geeks Matt Rheault, Austin Knight, and Geoff Daigle sit down for a couple of beers while discussing User Experience and Growth tactics.",
        "category": "Design",
        "source": "http://www.uxandgrowth.com/",
        "itunes": "https://itunes.apple.com/us/podcast/ux-and-growth-podcast/id1016143291?mt=2",
        "soundcloud": "https://soundcloud.com/ux-and-growth"
    },
    {
        "name": "UX Pod",
        "description": "Gerry Gaffney set up the User Experience podcast in 2006, with a view to providing a platform for discussing topics of interest to practitioners or others with an interest in UX.",
        "category": "Design",
        "source": "http://uxpod.com/",
        "itunes": "https://itunes.apple.com/podcast/uxpod-user-experience-podcast/id163924332?mt=2",
        "rss": "http://uxpod.com/feed/"
    },
    {
        "name": "UX Mastery",
        "description": "UX Mastery is a website that hosts a lot of useful articles and content related to user experience design. The site also has an infrequently updated podcast.",
        "category": "Design",
        "source": "http://uxmastery.com/category/podcast/",
        "rss": "http://uxmastery.libsyn.com/rss"
    },
    {
        "name": "UX Discovery Session",
        "description": "A discovery session is an opportunity to learn about a relevant topic, generate ideas that expand a new technique or practice, or brainstorm concepts and ideas for the next new thing.",
        "category": "Design",
        "source": "http://uxdiscoverysession.com/",
        "itunes": "https://itunes.apple.com/ca/podcast/discovery-session...-by-gerard/id693746926?mt=2&ign-mpt=uo%3D4",
        "soundcloud": "https://soundcloud.com/uxdiscoverysession"
    },
    {
        "name": "Incremental UX",
        "description": "Hosted by Vinay Raghu. This podcast learns from people in the industry. Hour long episodes dive deep into specific topics with industry experts ",
        "category": "Design",
        "source": "http://incrementalux.com/podcast/",
        "itunes": "https://itunes.apple.com/us/podcast/incrementalux-podcast/id1035443799",
        "rss": "http://feeds.feedburner.com/incrementalux"
    },
    {
        "name": "UX Defenders",
        "description": "This podcast is aimed at highlighting those leading the way in their craft by diving deeper into who they are, and what makes them tick/successful, in order to inspire and equip those aspiring to do the same.",
        "category": "Design",
        "source": "http://userdefenders.com/",
        "itunes": "https://itunes.apple.com/us/podcast/user-defenders-podcast-inspiring/id1055121160?mt=2&ls=1",
        "rss": "http://userdefenders.com/podcast/feed/"
    },
    {
        "name": "Binpress Podcast",
        "description": "A podcast about making and selling digital products. Marketing, distribution and other tips around helping you build and sell digital products",
        "category": "Business",
        "source": "http://www.binpress.com/blog/category/podcast/",
        "itunes": "https://itunes.apple.com/us/podcast/the-binpress-podcast/id897178291",
        "android": "http://www.binpress.com/blog/category/podcast/feed/"
    },
    {
        "name": "Seanwes Podcast",
        "description": "Join entrepreneurs Sean McCabe and Ben Toalson as they let you inside their discussions on the many facets of making a living online. You'll come away from every episode with something of value that you can apply to your business. Tangible insights on creativity and business every single Wednesday and Friday.",
        "category": "Design",
        "source": "http://seanwes.com/podcast/",
        "itunes": "https://itunes.apple.com/us/podcast/seanwes-podcast/id685421236",
        "rss": "http://seanwes.com/feed/podcast"
    },
    {
        "name": "Let's Make Mistakes",
        "description": "Award-winning designer Mike Montiero of Mule Design Studios talks shop with an assorted collection of co-hosts about standard design concepts, from ideation to implementation, and how to leverage every ounce of creativity throughout the process.",
        "category": "Design",
        "source": "http://www.muleradio.net/mistakes/",
        "itunes": "https://itunes.apple.com/WebObjects/MZStore.woa/wa/viewPodcast?id=432550963",
        "rss": "http://feeds.muleradio.net/mistakes"
    },
    {
        "name": "Young Guns Show",
        "description": "The Young Guns Show aims to feature and inspire the young guns in the web industry — the guys and gals that aren't waiting for \"someday\" to do amazing things.",
        "category": "Design",
        "source": "http://younggunsshow.com/",
        "itunes": "https://itunes.apple.com/us/podcast/young-guns-show/id507917469",
        "rss": "http://feeds.feedburner.com/younggunsshow"
    },
    {
        "name": "The Web Ahead",
        "description": "Conversations with world experts on changing technologies and future of the web. The Web Ahead is your shortcut to keeping up. Hosted by Jen Simmons.",
        "category": "Design",
        "source": "http://5by5.tv/webahead",
        "itunes": "https://itunes.apple.com/WebObjects/MZStore.woa/wa/viewPodcast?id=464936442",
        "rss": "http://feeds.5by5.tv/webahead"
    },
    {
        "name": "Typeradio",
        "description": "Typeradio is a regular podcast station that covers all things type, including fonts, typography and trends.",
        "category": "Design",
        "source": "http://www.typeradio.org/",
        "itunes": "https://itunes.apple.com/us/podcast/typeradio-podcast/id77801288?mt=2"
    },
    {
        "name": "BizCraft",
        "description": "The bi-weekly podcast. hosted by Carl Smith of nGen Works and Gene Crawford of UnmatchedStyle. The primary topic is the business side of digital design.",
        "category": "Design",
        "source": "http://unmatchedstyle.com/bizcraft",
        "itunes": "https://itunes.apple.com/us/podcast/unmatched-style-bizcraft/id537301913",
        "rss": "http://feeds.feedburner.com/bizcraft"
    },
    {
        "name": "Iterate Podcast",
        "description": "Iterate is a fortnightly podcast, focusing on mobile and app design for all iOS, Mac, Android and other platforms.",
        "category": "Design",
        "source": "https://bjango.com/articles/iterate/",
        "itunes": "https://itunes.apple.com/us/podcast/iterate/id447063932"
    },
    {
        "name": "ShopTalk",
        "description": "ShopTalk is a podcast about front end web design, development and UX. Each week Chris Coyier and Dave Rupert are joined by a special guest to talk shop and answer listener submitted questions.",
        "category": "Design and Dev",
        "source": "http://shoptalkshow.com/",
        "itunes": "https://itunes.apple.com/podcast/id493890455",
        "rss": "http://shoptalkshow.com/feed/podcast/"
    },
    {
        "name": "Data Stories",
        "description": "Enrico Bertini and Moritz Stefaner discuss the latest developments in data analytics, visualization and related topics.",
        "category": "Design",
        "source": "http://datastori.es/",
        "itunes": "https://itunes.apple.com/us/podcast/data-stories/id502854960?mt=2",
        "rss": "http://datastori.es/feed/"
    },
    {
        "name": "The Boagworld Web Show",
        "description": "Boagworld is a podcast about digital for all those involved in designing, developing or running a website on a daily basis. It offers practical advice, news, tools, review and interviews with leading figures in the web design community. Covering everything from usability and design to marketing and strategy, this show has something for everything. This award winning podcast is the longest running web design podcast with over 380 episodes.",
        "category": "Design and Dev",
        "source": "https://boagworld.com/show/",
        "itunes": "https://itunes.apple.com/gb/podcast/the-boagworld-show/id411449225",
        "rss": "http://feeds.feedburner.com/boagworldpodcast/"
    },
    {
        "name": "The Big Web Show",
        "description": "The award winning Big Web Show features special guests and topics like web publishing, art direction, content strategy, typography, web technology, and more. It's everything web that matters.",
        "category": "Design and Dev",
        "source": "http://5by5.tv/bigwebshow",
        "itunes": "https://itunes.apple.com/WebObjects/MZStore.woa/wa/viewPodcast?id=370445683",
        "rss": "http://feeds.5by5.tv/bigwebshow"
    },
    {
        "name": "A Responsive Web Design Podcast",
        "description": "A podcast from Karen McGrane and Ethan Marcotte, who interview people who make responsive designs happen.",
        "category": "Design and Dev",
        "source": "http://responsivewebdesign.com/podcast/",
        "itunes": "https://itunes.apple.com/us/podcast/a-responsive-design-podcast/id910013523?mt=2",
        "rss": "http://responsivewebdesign.com/podcast/feed.xml"
    },
    {
        "name": "The Deeply Graphic Designcast",
        "description": "The Deeply Graphic DesignCast is a podcast aimed at graphic and web designers with a simple philosophy: to talk about all the things that they don’t teach in design school. Every episode tackles a new design related topic, and the hosts engage in a roundtable discussion on the topic at hand, offering the benefit of their experience, “tips from the trenches,” and above all, lively conversation that people actually look forward to listening to. In addition to the topic of the day, the gang gets the audience involved by answering a listener-submitted question every single episode.",
        "category": "Design and Dev",
        "source": "http://thedeependdesign.com/graphic-design-podcast/",
        "itunes": "https://itunes.apple.com/us/podcast/the-deep-end-design-podcasts/id494747654?mt=2"
    },
    {
        "name": "The Gently Mad",
        "description": "The Gently Mad is a show about life, business & entrepreneurship without the bullshit. New episodes every Monday, Wednesday and Friday.",
        "category": "Lifestyle",
        "source": "http://avclark.com/tgm/",
        "itunes": "https://itunes.apple.com/us/podcast/gently-mad-life-business-entrepreneurship/id950222137",
        "soundcloud": "https://soundcloud.com/thegentlymad",
        "rss": "http://tgmpodcast.libsyn.com/rss"
    },
    {
        "name": "Adventures In Design",
        "description": "Graphic design gossip and artistic growing pains through the eyes of two handsome DIY poster designers and their friends.",
        "category": "Design",
        "source": "http://www.adventuresindesignmarket.com/",
        "itunes": "https://itunes.apple.com/us/podcast/adventures-in-design/id503341322"
    },
    {
        "name": "Revision Path",
        "description": "A weekly showcase of the world's Black graphic designers, web designers, and web developers.",
        "category": "Lifestyle",
        "source": "http://revisionpath.com/",
        "itunes": "https://itunes.apple.com/us/podcast/revision-path/id834173190",
        "rss": "http://simplecast.fm/podcasts/102/rss"
    },
    {
        "name": "Design Review",
        "description": "A weekly podcast about products from a unique designer perspective! Your hosts are Chris Liu and Jonathan Shariat. Each week, we will go through a product and talk about the experience and hopefully it will be interesting and informative, along with entertaining! So join us here every week!",
        "category": "Design",
        "source": "http://www.designreviewpodcast.com/",
        "itunes": "https://itunes.apple.com/us/podcast/design-review/id947753823?mt=2",
        "soundcloud": "https://soundcloud.com/design-review",
        "rss": "http://www.designreviewpodcast.com/design-review.rss"
    },
    {
        "name": "Working Out",
        "description": "Join Ashley Baxter and Paddy Donnelly on a journey to figure out how to create a business doing what you love. Is it possible to make a living from your hobby? On Working out, Ashley & Paddy discuss their own personal journeys in creating their passion-based business. This is about the expedition, the here and now, the daily challenges and achievements towards getting paid for your passion.",
        "category": "Business",
        "source": "http://workingoutpodcast.com/",
        "itunes": "https://itunes.apple.com/gb/podcast/working-out/id875239968",
        "rss": "http://simplecast.fm/podcasts/128/rss"
    },
    {
        "name": "Resourceful Designer",
        "description": "Wouldn't it be nice if you could spend more time designing and less time worrying about your design business? Resourceful Designer offers tips, tricks and resources to help streamline your graphic design and web design business so you can get back to what you do best… Designing! Let me know what topics you would like me to cover by emailing feedback@resourcefuldesigner.com",
        "category": "Business",
        "source": "http://resourcefuldesigner.com/",
        "itunes": "https://itunes.apple.com/ca/podcast/resourceful-designer-resources/id1040570923",
        "android": "http://subscribeonandroid.com/resourcefuldesigner.libsyn.com/rss",
        "rss": "http://resourcefuldesigner.libsyn.com/rss"
    },
    {
        "name": "99% Invisible",
        "description": "99% Invisible (99 Percent Invisible) is a weekly exploration of the process and power of design and architecture. From award winning producer Roman Mars, KALW in San Francisco, and Radiotopia from PRX. ",
        "category": "Design",
        "source": "http://99percentinvisible.org/",
        "itunes": "https://itunes.apple.com/us/podcast/id394775318",
        "soundcloud": "https://soundcloud.com/roman-mars/",
        "rss": "http://99percentinvisible.org/feed/"
    },
    {
        "name": "The Start",
        "description": "The Start is a podcast focused on creative individuals and their growth in the industry, from the very beginning.",
        "category": "Lifestyle",
        "source": "http://thestart.fm/",
        "itunes": "https://itunes.apple.com/us/podcast/the-start/id852802179",
        "rss": "http://simplecast.fm/podcasts/122/rss"
    },
    {
        "name": "The Fizzle Show",
        "description": "The Fizzle Show is a podcast for creative entrepreneurs and honest business builders who want to earn a living doing something they care about.",
        "category": "Business",
        "source": "https://fizzle.co/show",
        "itunes": "https://itunes.apple.com/us/podcast/fizzle-show-honest-online/id656726654",
        "soundcloud": "https://soundcloud.com/fizzleco/sets/the-fizzle-show",
        "rss": "http://feeds.soundcloud.com/users/soundcloud:users:71269227/sounds.rss"
    },
    {
        "name": "Happy Monday",
        "description": "A new, short-burst, industry podcast available every Monday from 7am GMT.",
        "category": "Lifestyle",
        "source": "http://www.happymondaypodcast.com/",
        "itunes": "https://itunes.apple.com/us/podcast/happy-monday/id586131811",
        "rss": "http://simplecast.fm/podcasts/3/rss"
    },
    {
        "name": "Pencil vs Pixel",
        "description": "Pencil vs Pixel is where creation meets creators. A podcast and resource for the originators, the tinkerers, the makers of the world to share the process, the principle and the payoff in doing what we do. It’s the juncture of idea and result, where builders and doers of things both analog and digital discuss the way we make things, experience challenges and wins.",
        "category": "Business",
        "source": "http://pencilvspixel.com/",
        "itunes": "https://itunes.apple.com/us/podcast/pencil-vs-pixel/id731298028#",
        "soundcloud": "https://soundcloud.com/pencilvspixel"
    },
    {
        "name": "PageBreak Podcast",
        "description": "Pagebreak is an audio podcast hosted by Liz Andrade and Niki Brown. Discussions pertain to Freelance, Design, Development, Marketing and other such things.",
        "category": "Design and Dev",
        "source": "http://www.pagebreakpodcast.com/",
        "itunes": "https://itunes.apple.com/podcast/pagebreak-podcast/id390204762",
        "rss": "http://feeds.feedburner.com/pagebreakpodcast"
    },
    {
        "name": "Non Breaking Space Show",
        "description": "Seeking out the best, brightest, and smartest creative people on digital art, design, and development. From workflows to life hacks, we examine why they do what they do and how they did it. Hosted by Chris Enns, Christopher Schmitt and Sam Kapila.",
        "category": "Lifestyle",
        "source": "http://goodstuff.fm/nbsp",
        "itunes": "https://itunes.apple.com/us/podcast/the-non-breaking-space-show/id507162981",
        "rss": "http://feeds.goodstuff.fm/nbsp"
    },
    {
        "name": "Debug",
        "description": "Debug is a conversational interview show about developing software and services, primarily for iPhone, iPad, Mac, and gaming.",
        "category": "Design and Dev",
        "source": "http://www.imore.com/debug",
        "itunes": "https://itunes.apple.com/us/podcast/debug/id578812394",
        "rss": "http://feeds.feedburner.com/debugshow"
    },
    {
        "name": "This Developer's Life",
        "description": "A podcast about developers and their lives.",
        "category": "Lifestyle",
        "source": "http://thisdeveloperslife.com/",
        "itunes": "https://itunes.apple.com/us/podcast/this-developers-life/id389727545",
        "rss": "http://feeds.feedburner.com/thisdeveloperslife"
    },
    {
        "name": "Back to Work",
        "description": "Back to Work is an award winning talk show with Merlin Mann and Dan Benjamin discussing productivity, communication, work, barriers, constraints, tools, and more.",
        "category": "Lifestyle",
        "source": "http://5by5.tv/b2w",
        "itunes": "https://itunes.apple.com/podcast/back-to-work/id415535037",
        "rss": "http://feeds.5by5.tv/b2w"
    },
    {
        "name": "The New Disruptors",
        "description": "The New Disruptors tells stories that provide practical inspiration about the way that creative people and producers connect with audiences to perform, cajole, convince, sell, and interact using new methods. Hosted by Glenn Fleishman, a regular contributor to The Economist and the editor and publisher of The Magazine. Produced by Aperiodical LLC.",
        "category": "Lifestyle",
        "source": "http://www.muleradio.net/newdisruptors/",
        "itunes": "https://itunes.apple.com/us/podcast/id584939697",
        "rss": "http://feeds.newdisrupt.org/nd"
    },
    {
        "name": "Design Matters",
        "description": "Design Matters with Debbie Millman is a thought-provoking internet podcast, which profiles industry-leading graphic designers, change agents, artists, writers and educators. ",
        "category": "Design",
        "source": "http://designobserver.com/topic/designmatters/1039",
        "itunes": "https://itunes.apple.com/au/podcast/design-matters-debbie-millman/id328074695"
    },
    {
        "name": "The Balance",
        "description": "Discussing the balance between creativity & everything that fuels it",
        "category": "Lifestyle",
        "source": "http://www.thebalance.cc/",
        "itunes": "https://itunes.apple.com/us/podcast/the-blnce-podcast/id668468786?mt=2",
        "rss": "http://feeds.feedburner.com/TheBlnce"
    },
    {
        "name": "CodePen Radio",
        "description": "Chris Coyier, Alex Vazquez, and Tim Sabat, the co-founders of CodePen talk about the ins and outs of running a web software business.",
        "category": "Business",
        "source": "http://blog.codepen.io/radio/",
        "itunes": "https://itunes.apple.com/us/podcast/codepen-radio/id824437159",
        "rss": "http://blog.codepen.io/feed/podcast/"
    },
    {
        "name": "Developer Tea",
        "description": "Developer Tea is a podcast for web and software developers hosted by a developer that you can listen to in less than 10 minutes. The show will cover a wide variety of topics related to the career of being a developer.",
        "category": "Lifestyle",
        "source": "http://www.developertea.com/",
        "itunes": "https://itunes.apple.com/us/podcast/developer-tea/id955596067?mt=2",
        "rss": "http://feeds.feedburner.com/developertea"
    },
    {
        "name": "Late Nights with Trav and Los",
        "description": "Join Travis and Carlos for a late night discussion about being a healthy and productive professional in todays creative economy. Casual, fun, educational (maybe).",
        "category": "Lifestyle",
        "source": "http://www.travandlos.com/",
        "itunes": "https://itunes.apple.com/us/podcast/late-nights-with-trav-and-los/id944869246",
        "rss": "http://simplecast.fm/podcasts/311/rss"
    },
    {
        "name": "The Rocketship Podcast",
        "description": "Get actionable advice and incredible insights from the business leaders of today and tomorrow. From growth-hacking to sales, customer service to company culture, Rocketship.fm delivers it all every Tuesday and Thursday each week.",
        "category": "Business",
        "source": "http://rocketship.fm/",
        "itunes": "https://itunes.apple.com/us/podcast/rocketship-podcast-startups/id808014240",
        "rss": "http://simplecast.fm/podcasts/62/rss"
    },
    {
        "name": "Startup Podcast",
        "description": "A series about what it's really like to start a business.",
        "category": "Business",
        "source": "https://gimletmedia.com/show/startup/",
        "itunes": "https://itunes.apple.com/us/podcast/startup-podcast/id913805339",
        "rss": "http://feeds.gimletmedia.com/hearstartup"
    },
    {
        "name": "Viewsources Podcat",
        "description": "Viewsources Podcast is another podcast about front-end development and web design. They discuss the important posts and links circulating among our peers and tackle issues that we find ourselves working through day in and day out. Viewsources is hosted by Tim Evko, Charles Peters & Brad Cerasani.",
        "category": "Design and Dev",
        "source": "https://viewsourc.es/",
        "itunes": "https://itunes.apple.com/us/podcast/viewsources-podcast/id999191388",
        "rss": "http://feeds.feedburner.com/ViewsourcesPodcast?format=xml"
    },
    {
        "name": "Talking Code",
        "description": "The Talking Code podcast contains short expert interviews that help you decode what developers are saying. We help non-technical founders, designers, project managers, or anyone who needs a 30,000 foot view of how to run a successful software company.",
        "category": "Development",
        "source": "http://www.talkingcode.com/",
        "itunes": "https://itunes.apple.com/us/podcast/talking-code/id988073177",
        "rss": "http://simplecast.fm/podcasts/150/rss"
    },
    {
        "name": "Nice To Meet You",
        "description": "Nice To Meet You is a personal conversation based podcasts with makers, creators and no bullshitters",
        "category": "Lifestyle",
        "source": "http://www.vanschneider.com/show/",
        "itunes": "https://itunes.apple.com/us/podcast/nice-to-meet-you/id1050960981?mt=2",
        "soundcloud": "https://soundcloud.com/tobiasvanschneider"
    },
    {
        "name": "Immutable",
        "description": "A short, weekly show about design and development hosted by Sam Soffes & Bryn Jackson.",
        "category": "Design and Dev",
        "source": "http://spec.fm/podcasts/immutable",
        "itunes": "https://itunes.apple.com/us/podcast/immutable/id1035147995",
        "rss": "http://simplecast.fm/podcasts/1332/rss"
    },
    {
        "name": "Does Not Compute",
        "description": "A weekly chat about the lives and workflows of modern web developers, hosted by Sean Washington & Paul Straw.",
        "category": "Lifestyle",
        "source": "http://spec.fm/podcasts/does-not-compute",
        "itunes": "https://itunes.apple.com/us/podcast/does-not-compute/id1048731980",
        "rss": "http://simplecast.fm/podcasts/1386/rss"
    },
    {
        "name": "Design Details",
        "description": "A show about the people who design our favorite products. Hosted by Bryn Jackson and Brian Lovin.",
        "category": "Design",
        "source": "http://spec.fm/podcasts/design-details",
        "itunes": "https://itunes.apple.com/us/podcast/design-details/id947191070",
        "rss": "http://simplecast.fm/podcasts/1034/rss"
    },
    {
        "name": "Vicarious",
        "description": "Pop culture through the lens of design and vice versa.",
        "category": "Lifestyle",
        "source": "http://spec.fm/podcasts/vicarious",
        "itunes": "https://itunes.apple.com/us/podcast/vicarious/id1055180013",
        "rss": "http://simplecast.fm/podcasts/1457/rss"
    },
    {
        "name": "Beyond This Point",
        "description": "Beyond This Point is a series of conversations engaging the creative thinkers who inspire us. Each episode, Gabriel Stromberg, Creative Director of Civilization, sits down with artists, business owners, designers, and leaders of all types to put a spotlight on different ways of seeing, thinking, and making.",
        "category": "Design",
        "source": "http://beyondthispoint.design/",
        "itunes": "https://itunes.apple.com/us/podcast/beyond-this-point/id1065144310",
        "soundcloud": "https://soundcloud.com/beyondthispoint_design"
    },
    {
        "name": "Layout",
        "description": "Layout is a weekly podcast about design, technology, programming and everything else.",
        "category": "Design and Dev",
        "source": "http://layout.fm/",
        "itunes": "https://itunes.apple.com/ca/podcast/layout/id1050276556",
        "rss": "http://layout.fm/rss"
    },
    {
        "name": "Dorm Room Tycoon",
        "description": "Interviews that cut to the chase and extract wisdom. Learning from the most influential innovators. Hosted by William Channer.",
        "category": "Business",
        "source": "http://drt.fm/",
        "itunes": "https://itunes.apple.com/gb/podcast/dorm-room-tycoon/id355125543",
        "soundcloud": "https://soundcloud.com/dormroomtycoon"
    },
    {
        "name": "99U",
        "description": "Once in a while, 99U sits down with a leading creative, thinker, or entrepreneur to delve deep into their one-of-a-kind insights about the creative process.",
        "category": "Lifestyle",
        "source": "http://99u.com/category/podcast",
        "itunes": "https://itunes.apple.com/in/podcast/the-99u-podcast/id886171440?mt=2",
        "soundcloud": "https://soundcloud.com/99u"
    },
    {
        "name": "Style Guide",
        "description": "A small batch podcast hosted by Anna Debenham and Brad Frost, dedicated to talking about style guides, pattern libraries and building effective interface systems.",
        "category": "Design and Dev",
        "source": "http://styleguides.io/podcast/",
        "itunes": "https://itunes.apple.com/gb/podcast/the-style-guide-podcast/id960374773",
        "rss": "http://feeds.soundcloud.com/users/soundcloud:users:134239947/sounds.rss"
    },
    {
        "name": "One Design Podcast",
        "description": "A fortnightly discussion about digital design with Kris Jeary, Bridget Tann and Andrew Fairlie",
        "category": "Design",
        "source": "http://onedesign.guide/",
        "itunes": "https://itunes.apple.com/gb/podcast/one-design-podcast/id967765318",
        "rss": "http://onedesign.libsyn.com/rss"
    },
    {
        "name": "Narwhals",
        "description": "A podcast about design, development, business, family and fun. Join Drew Wilson and Keiran Flanigan as they share their experience on making a living building products.",
        "category": "Design and Dev",
        "source": "http://www.narwhals.cool/",
        "itunes": "https://itunes.apple.com/us/podcast/narwhals/id901582087",
        "rss": "http://simplecast.fm/podcasts/187/rss"
    },
    {
        "name": "Hack to Start",
        "description": "A podcast focused on interesting people and the innovative ways they achieve success.",
        "category": "Lifestyle",
        "source": "http://hacktostart.com/",
        "itunes": "https://itunes.apple.com/ca/podcast/hacktostart/id929857801",
        "soundcloud": "https://soundcloud.com/hacktostart",
        "rss": "http://hacktostart.com/rss/"
    },
    {
        "name": "Inside Intercom",
        "description": "Conversations with practitioners from the worlds of product management, design, startups and marketing.",
        "category": "Business",
        "source": "https://www.intercom.io/podcast",
        "itunes": "https://itunes.apple.com/ie/podcast/inside-intercom-podcast/id996103731",
        "soundcloud": "https://soundcloud.com/intercom/"
    },
    {
        "name": "The Pitch",
        "description": "The show where founders pitch their startups to investors. We find early stage startups, listen to their pitch and help them raise money from our audience of angel investors. ",
        "category": "Business",
        "source": "https://thepitch.fm/",
        "itunes": "https://itunes.apple.com/us/podcast/the-pitch/id1008577710",
        "rss": "http://feeds.thepitch.fm/thepitchvc"
    },
    {
        "name": "Chasing Product",
        "description": "The Chasing Product podcast helps consultants and freelancers transition from client work to releasing bootstrapped software products. If you want to get out of client work and in to product work, then you are Chasing Product.",
        "category": "Business",
        "source": "http://www.chasingproduct.com/",
        "itunes": "https://itunes.apple.com/us/podcast/chasing-product/id698528921",
        "rss": "http://feeds.feedburner.com/chasingproduct"
    },
    {
        "name": "Bootstrapped Web",
        "description": "Bootstrapped Web is for entrepreneurs bootstrapping their startups, who believe that the best way to get to where we're going is to learn by doing. Conversations, case studies, and interviews with entrepreneurs who are building profitable businesses online.",
        "category": "Business",
        "source": "http://bootstrappedweb.com/",
        "itunes": "https://itunes.apple.com/us/podcast/bootstrapped-web-for-entrepreneurs/id657005810",
        "rss": "http://feeds.feedburner.com/bootstrappedweb-podcast"
    },
    {
        "name": "The Startup Chat",
        "description": "Unfiltered insights and actionable advice straight from the trenches of startup and business life. The show hosts, Steli Efti and Hiten Shah, are both serial entrepreneurs who have founded multi-million dollar SaaS startups. Being busy CEOs of fast-growing companies, they know the value of your time and make sure you get the most out of each 22 minute episode.",
        "category": "Business",
        "source": "http://thestartupchat.com/",
        "itunes": "https://itunes.apple.com/us/podcast/startup-chat-steli-hiten/id997616345?mt=2"
    },
    {
        "name": "Converge Podcast",
        "description": "The Business of Creativity Podcast, hosted by Dane Sanders, explores the concentric circles of creating great things and finding innovative ways to profit from those creations.",
        "category": "Business",
        "source": "https://gobecollective.com/series/converge-podcast/",
        "itunes": "https://itunes.apple.com/us/podcast/converge-business-creativity/id601885274"
    },
    {
        "name": "Giant Robots Smashing into other Giant Robots Podcast",
        "description": "The Giant Robots Smashing into Other Giant Robots podcast is a weekly technical podcast discussing development, design, and the business of software development. Hosted by Ben Orenstein, who is joined each week by developers and designers from thoughtbot and beyond.",
        "category": "Business",
        "source": "http://giantrobots.fm/",
        "itunes": "https://itunes.apple.com/us/podcast/giant-robots-smashing-into/id535121941",
        "rss": "http://simplecast.fm/podcasts/271/rss"
    },
    {
        "name": "Tentative",
        "description": "Tentative is a podcast about digital product design, hosted by thoughtbot designers Reda Lemeden & Kyle Fiedler.",
        "category": "Design",
        "source": "http://tentative.fm/",
        "itunes": "https://itunes.apple.com/us/podcast/tentative/id978483997",
        "rss": "http://simplecast.fm/podcasts/1088/rss"
    },
    {
        "name": "The Bike Shed",
        "description": "On The Bike Shed, hosts Derek Prior, Sean Griffin, Laila Winner, and guests discuss their development experience and challenges with Ruby, Rails, JavaScript, and whatever else is drawing their attention, admiration, or ire this week.",
        "category": "Development",
        "source": "http://bikeshed.fm/",
        "itunes": "https://itunes.apple.com/us/podcast/the-bike-shed/id935763119",
        "rss": "http://simplecast.fm/podcasts/282/rss"
    },
    {
        "name": "Build Phase",
        "description": "Build Phase is a weekly technical podcast discussing iOS development and design. Hosted by iOS developers Mark Adams and Gordon Fontenot; they discuss code, design, and creating great iOS apps",
        "category": "Development",
        "source": "http://buildphase.fm/",
        "itunes": "https://itunes.apple.com/us/podcast/build-phase/id681232605",
        "rss": "http://simplecast.fm/podcasts/272/rss"
    },
    {
        "name": "The Distance",
        "description": "The Distance features stories of private businesses that have been operating for at least 25 years and the people who got them there. Hear business owners share their stories of hard work, survival and building something that lasts. The Distance is a production of Basecamp, the company behind the leading project management app.",
        "category": "Business",
        "source": "https://thedistance.com/",
        "itunes": "https://itunes.apple.com/us/podcast/the-distance/id964627137",
        "rss": "http://feeds.soundcloud.com/users/soundcloud:users:135305991/sounds.rss"
    },
    {
        "name": "The Laravel Podcast",
        "description": "The Laravel Podcast brings you Laravel and PHP development news and discussion. The podcast is hosted by Matt Stauffer and regular guests include Taylor Otwell (the creator of Laravel) and Jeffrey Way (the creator of Laracasts).",
        "category": "Development",
        "source": "http://www.laravelpodcast.com/",
        "itunes": "https://itunes.apple.com/us/podcast/the-laravel-podcast/id653204183",
        "rss": "http://simplecast.fm/podcasts/351/rss"
    },
    {
        "name": "The Laracasts Snippet",
        "description": "The Laracasts snippet, each episode, offers a single thought on some aspect of web development. Nothing more, nothing less. Hosted by Jeffrey Way.",
        "category": "Development",
        "source": "https://laracasts.simplecast.fm/",
        "itunes": "https://itunes.apple.com/us/podcast/the-laracasts-snippet/id1059530816",
        "rss": "http://simplecast.fm/podcasts/1486/rss"
    },
    {
        "name": "Node Up",
        "description": "NodeUp is a podcast about Node.js",
        "category": "Development",
        "source": "http://nodeup.com/",
        "itunes": "https://itunes.apple.com/us/podcast/nodeup/id447667314?mt=2",
        "rss": "http://feeds.feedburner.com/NodeUp"
    },
    {
        "name": "Descriptive",
        "description": "Descriptive is a weekly technical interview podcast with people from the JavaScript and web development world",
        "category": "Development",
        "source": "http://descriptive.audio/",
        "itunes": "https://itunes.apple.com/de/podcast/descriptive/id926224392?l=en",
        "rss": "http://feed.descriptive.audio/"
    },
    {
        "name": "React Podcast",
        "description": "The only podcast covering the latest in the reactjs ecosystem",
        "category": "Development",
        "source": "http://reactpodcast.com/",
        "itunes": "https://itunes.apple.com/us/podcast/react-podcast/id995869265",
        "rss": "http://feeds.feedburner.com/reactjspodcast"
    },
    {
        "name": "The Changelog",
        "description": "Open source moves fast. The Changelog covers what's fresh and new",
        "category": "Development",
        "source": "https://changelog.com/podcast/",
        "itunes": "https://itunes.apple.com/podcast/the-changelog/id341623264",
        "rss": "http://feeds.5by5.tv/changelog"
    },
    {
        "name": "Web of Tomorrow",
        "description": "A podcast about JavaScript, web development, web design, and technology.",
        "category": "Development",
        "source": "http://www.weboftomorrowpodcast.com/",
        "itunes": "https://itunes.apple.com/us/podcast/web-of-tomorrow/id1033636563",
        "rss": "http://www.weboftomorrowpodcast.com/feed.rss"
    },
    {
        "name": "New Rustacean",
        "description": "Documenting a journey into a new programming language—with source code, examples, and almost certainly some out-and-out hilarities along the way.",
        "category": "Development",
        "source": "http://www.newrustacean.com/",
        "itunes": "https://itunes.apple.com/us/podcast/new-rustacean/id1041815075",
        "rss": "http://www.newrustacean.com/feed.xml"
    },
    {
        "name": "Ruby5",
        "description": "The latest news in the Ruby and Rails community. This podcast is produced and distributed by Code School. ",
        "category": "Development",
        "source": "https://ruby5.codeschool.com/",
        "itunes": "https://itunes.apple.com/WebObjects/MZStore.woa/wa/viewPodcast?id=327234205",
        "rss": "https://ruby5.codeschool.com/feed.rss"
    },
    {
        "name": "The Ruby Rogues",
        "description": "A weekly discussion by Ruby developers about programming, life, and careers.",
        "category": "Development",
        "source": "https://devchat.tv/ruby-rogues",
        "itunes": "https://itunes.apple.com/us/podcast/ruby-rogues/id705335155",
        "rss": "http://feeds.feedwrench.com/RubyRogues.rss"
    },
    {
        "name": "The Freelancers' Show",
        "description": "Weekly discussion by freelancers and professionals about running a business, finding clients, marketing, and lifestyle related to being a freelancer.",
        "category": "Business",
        "source": "https://devchat.tv/freelancers",
        "itunes": "https://itunes.apple.com/us/podcast/the-freelancers-show/id715647197?mt=2",
        "rss": "http://feeds.feedwrench.com/TheFreelancersShow.rss"
    },
    {
        "name": "Adventures in Angular",
        "description": "A weekly show dedicated to the AngularJS framework",
        "category": "Development",
        "source": "https://devchat.tv/adventures-in-angular",
        "itunes": "https://itunes.apple.com/us/podcast/adventures-in-angular/id907361052?mt=2",
        "rss": "http://feeds.feedwrench.com/AdventuresInAngular.rss"
    },
    {
        "name": "React Native Radio",
        "description": "A weekly show dedicated to building apps with React Native",
        "category": "Development",
        "source": "https://devchat.tv/react-native-radio",
        "itunes": "https://itunes.apple.com/us/podcast/react-native-radio/id1058647602?mt=2",
        "rss": "https://devchat.tv/react-native-radio"
    },
    {
        "name": "Podcast.__init__",
        "description": "This is a long form podcast about Python and the people who make it great. We conduct interviews about projects and topics that are of particular interest to people in the Python community.",
        "category": "Development",
        "source": "http://podcastinit.com/",
        "itunes": "https://itunes.apple.com/us/podcast/podcast.-init/id981834425",
        "rss": "http://podcastinit.podbean.com/feed/"
    },
    {
        "name": "PHP Townhall",
        "description": "Town Hall a way for PHP developers to raise questions about current events (or upcoming things) in the PHP community, with different guests each week.",
        "category": "Development",
        "source": "http://phptownhall.com/",
        "itunes": "https://itunes.apple.com/us/podcast/php-town-hall/id585240066?mt=2",
        "rss": "http://feeds.feedburner.com/phptownhall/drDl"
    },
    {
        "name": "PHP Roundtable",
        "description": "The PHP Roundtable is a podcast of web developers discussing PHP, JavaScript, community, open source, and anything else PHP nerds care about.",
        "category": "Development",
        "source": "https://www.phproundtable.com/",
        "itunes": "https://itunes.apple.com/us/podcast/the-php-roundtable/id972248395",
        "rss": "http://feeds.feedburner.com/PhpRoundtable"
    },
    {
        "name": "This is Product Management",
        "description": "This is Product Management interviews brilliant minds across numerous disciplines that fuel modern product teams. From design to statistics, we've got you covered.",
        "category": "Business",
        "source": "http://www.thisisproductmanagement.com/",
        "itunes": "https://itunes.apple.com/us/podcast/this-is-product-management/id975284403",
        "rss": "http://alphaux.libsyn.com/rss"
    },
    {
        "name": "Product People",
        "description": "A podcast focused on great products and the people who make them",
        "category": "Business",
        "source": "http://productpeople.tv/",
        "itunes": "https://itunes.apple.com/us/podcast/product-people/id585390927"
    },
    {
        "name": "Global Product Management Talk",
        "description": "Forwarding the movement for product excellence. Discussions about the art, craft and profession for managing products that contribute value. All aspects of customer development, user experience, product innovation, design, development, marketing and scaling.",
        "category": "Business",
        "source": "http://www.prodmgmttalk.com/",
        "itunes": "https://itunes.apple.com/us/podcast/global-product-management/id464701967"
    },
    {
        "name": "Product Hunt Radio",
        "description": "Product Hunt Radio (PHR) is for the product geeks. Each week Ryan Hoover and Erik Torenberg are joined by founders, investors, and product people in the startup community & beyond to chat about products, technology, and the people who make them.",
        "category": "Business",
        "source": "https://www.producthunt.com/radio",
        "itunes": "https://itunes.apple.com/us/podcast/product-hunt/id862714883",
        "soundcloud": "https://soundcloud.com/product-hunt"
    },
    {
        "name": "What's Tech?",
        "description": "We live in the future, where drones skim the sky, corporations enter the space race, and smart watches track our every movement. But how? And why? What's Tech invites experts to explain the technology bit by bit, in clear, brief, enjoyable audio nuggets. These days, technology is everywhere. Let's make sense of what's around us.",
        "category": "Business",
        "source": "http://www.theverge.com/whatstech",
        "itunes": "https://itunes.apple.com/us/podcast/whats-tech/id966621017?mt=2",
        "soundcloud": "https://soundcloud.com/whatstech",
        "rss": "http://feeds.podtrac.com/SCOrL45pOotI"
    },
    {
        "name": "Build and Launch",
        "description": "A weekly podcast focused on shipping small projects. Every week I'll take you on an adventure of launching a new project. You'll hear the launch stats, hurdles I had to overcome, and how you can learn from my mistakes.",
        "category": "Design",
        "source": "http://buildandlaunch.net/",
        "itunes": "https://itunes.apple.com/us/podcast/build-launch/id961518861",
        "rss": "http://simplecast.fm/podcasts/323/rss"
    },
    {
        "name": "The Businessology Show",
        "description": "A podcast about the business of design, and the design of business.",
        "category": "Business",
        "source": "http://www.businessology.biz/show/",
        "itunes": "https://itunes.apple.com/us/podcast/the-businessology-show/id595500099",
        "rss": "http://www.spreaker.com/show/635488/episodes/feed"
    },
    {
        "name": "The Accidental Creative",
        "description": "The Accidental Creative podcast shares how to build practical, everyday practices that help you stay prolific, brilliant and healthy in life and work. ",
        "category": "Lifestyle",
        "source": "http://www.accidentalcreative.com/category/podcasts/",
        "itunes": "https://itunes.apple.com/us/podcast/accidental-creative-creativity/id93424211?mt=2"
    },
    {
        "name": "After the Jump",
        "description": "Through a series of interviews with designers, store owners and up-and-coming members of the creative community, Grace will delve deeper into the world of independent artists. From exploring the day-to-day lives of contemporary makers to discussing the challenges they face, After the Jump will take the conversation off the screen and into real life.",
        "category": "Lifestyle",
        "source": "http://heritageradionetwork.org/series/after-the-jump/",
        "itunes": "https://itunes.apple.com/us/podcast/after-the-jump/id523653429?mt=2"
    },
    {
        "name": "Mac Power User",
        "description": "Learn about getting the most from your Apple technology with focused topics and workflow guests. Creating Mac Power Users, one geek at a time since 2009.",
        "category": "Lifestyle",
        "source": "https://www.relay.fm/mpu",
        "itunes": "https://itunes.apple.com/us/podcast/mac-power-users/id458066753?mt=2",
        "rss": "https://www.relay.fm/mpu/feed"
    },
    {
        "name": "Greyscalegorilla Podcast",
        "description": "Nick Campbell's Show about How to Be Creative and Get Paid",
        "category": "Lifestyle",
        "source": "http://greyscalegorilla.com/",
        "itunes": "https://itunes.apple.com/podcast/id433976980"
    },
    {
        "name": "Go Media",
        "description": "Go Media's Bryan Garvin sits down with members of the Go Media team and community to discuss the business of design and how to improve the quality of your work and life.",
        "category": "Business",
        "source": "http://gomedia.com/zine/podcast/",
        "itunes": "https://itunes.apple.com/podcast/id561456109",
        "soundcloud": "https://soundcloud.com/go_media",
        "rss": "http://gomedia.com/zine/podcast/feed/"
    },
    {
        "name": "The Twenty Minute VC",
        "description": "The Twenty Minute VC takes you inside the world of Venture Capital, Startup Funding and The Pitch. The Twenty Minute VC provides an instructional guide as to what it takes to get employed in the Venture Capital industry, with VCs giving specific advice on how to get noticed from the crowd and increasing your chances of employment.",
        "category": "Business",
        "source": "http://www.thetwentyminutevc.com/category/podcast/",
        "itunes": "https://itunes.apple.com/in/podcast/twenty-minute-vc-venture-capital/id958230465?mt=2"
    },
    {
        "name": "Re/code Decode",
        "description": "One of tech's most prominent journalists, Kara Swisher is known for her insightful reporting and straight-shooting style. Listen in as she hosts hard-hitting interviews about the week in tech with influential business leaders and outspoken personalities from media, politics and more.",
        "category": "Business",
        "source": "http://recode.net/podcasts/",
        "itunes": "https://itunes.apple.com/us/podcast/re-code-decode/id1011668648?mt=2",
        "rss": "http://feeds.feedburner.com/Recode-Decode"
    },
    {
        "name": "Motion and Meaning",
        "description": "Motion and Meaning is a podcast about motion design for digital designers brought to you by Val Head and Cennydd Bowles.",
        "category": "Design",
        "source": "http://www.motionandmeaning.io/",
        "itunes": "https://itunes.apple.com/us/podcast/motion-and-meaning-podcast/id1010491067?mt=2",
        "rss": "http://feeds.soundcloud.com/users/soundcloud:users:152665386/sounds.rss"
    },
    {
        "name": "Workmode",
        "description": "A series of conversations with leading design, tech and cultural creators on how they work. Hosted by Alex Nemeroff, Co-Founder of Dynamo, a digital agency in Montreal, Canada.",
        "category": "Business",
        "source": "http://workmode.show/",
        "itunes": "https://itunes.apple.com/us/podcast/workmode/id1149475096",
        "android": "https://goo.gl/app/playmusic?ibi=com.google.PlayMusic&isi=691797987&ius=googleplaymusic&link=https://play.google.com/music/m/Ijzdk64m3vfnuohvqwwl5rn56au?t=Workmode",
        "soundcloud": "https://soundcloud.com/dynamo-14",
        "rss": "http://feeds.soundcloud.com/users/soundcloud:users:121517753/sounds.rss"
    },
    {
        "name": "Working File",
        "description": "A podcast about design practice and its relationship to the world.",
        "category": "Design",
        "source": "https://workingfile.co/",
        "itunes": "https://itunes.apple.com/us/podcast/working-file/id1095159618",
        "soundcloud": "https://soundcloud.com/workingfile",
        "rss": "http://feed.workingfile.co/workingfile"
    }]
}